{"cameraMode":{"drawMode":0,"name":"Shaded","section":"Shading Mode"},"sceneLighting":true,"audioPlay":false,"sceneViewState":{"m_AlwaysRefresh":false,"showFog":true,"showSkybox":true,"showFlares":true,"showImageEffects":true,"showParticleSystems":true,"showVisualEffectGraphs":true,"m_FxEnabled":true},"in2DMode":false,"pivot":{"x":5.4728851318359379,"y":-3.3066132068634035,"z":142.2350616455078},"rotation":{"x":-0.7730674147605896,"y":-0.010081768967211247,"z":0.012297708541154862,"w":-0.6341339945793152},"size":31.234813690185548,"orthographic":true}