{"cameraMode":{"drawMode":0,"name":"Shaded","section":"Shading Mode"},"sceneLighting":true,"audioPlay":false,"sceneViewState":{"m_AlwaysRefresh":false,"showFog":true,"showSkybox":true,"showFlares":true,"showImageEffects":true,"showParticleSystems":true,"showVisualEffectGraphs":true,"m_FxEnabled":true},"in2DMode":false,"pivot":{"x":1.3986997604370118,"y":2.717100143432617,"z":5.8300018310546879},"rotation":{"x":-0.21360236406326295,"y":-0.2156951129436493,"z":0.04841776192188263,"w":-0.9515863060951233},"size":12.12435531616211,"orthographic":true}