{"cameraMode":{"drawMode":0,"name":"Shaded","section":"Shading Mode"},"sceneLighting":true,"audioPlay":false,"sceneViewState":{"m_AlwaysRefresh":false,"showFog":true,"showSkybox":true,"showFlares":true,"showImageEffects":true,"showParticleSystems":true,"showVisualEffectGraphs":true,"m_FxEnabled":true},"in2DMode":false,"pivot":{"x":1.0361647605895997,"y":0.8477325439453125,"z":-25.917783737182618},"rotation":{"x":0.7022126317024231,"y":0.0004290766955818981,"z":-0.0004223264695610851,"w":0.711968183517456},"size":28.924076080322267,"orthographic":false}