{"cameraMode":{"drawMode":0,"name":"Shaded","section":"Shading Mode"},"sceneLighting":true,"audioPlay":false,"sceneViewState":{"m_AlwaysRefresh":false,"showFog":true,"showSkybox":true,"showFlares":true,"showImageEffects":true,"showParticleSystems":true,"showVisualEffectGraphs":true,"m_FxEnabled":true},"in2DMode":false,"pivot":{"x":3.261399745941162,"y":3.801219940185547,"z":144.55967712402345},"rotation":{"x":-0.5486792922019959,"y":-0.008276315405964852,"z":0.005437231622636318,"w":-0.83598393201828},"size":26.708171844482423,"orthographic":true}