{"cameraMode":{"drawMode":0,"name":"Shaded","section":"Shading Mode"},"sceneLighting":true,"audioPlay":false,"sceneViewState":{"m_AlwaysRefresh":false,"showFog":true,"showSkybox":true,"showFlares":true,"showImageEffects":true,"showParticleSystems":true,"showVisualEffectGraphs":true,"m_FxEnabled":true},"in2DMode":false,"pivot":{"x":0.8570437431335449,"y":4.078451156616211,"z":89.88670349121094},"rotation":{"x":-0.7457036972045898,"y":0.01338963396847248,"z":-0.014985727146267891,"w":-0.6659832000732422},"size":33.36824417114258,"orthographic":true}