{"cameraMode":{"drawMode":0,"name":"Shaded","section":"Shading Mode"},"sceneLighting":true,"audioPlay":false,"sceneViewState":{"m_AlwaysRefresh":false,"showFog":true,"showSkybox":true,"showFlares":true,"showImageEffects":true,"showParticleSystems":true,"showVisualEffectGraphs":true,"m_FxEnabled":true},"in2DMode":false,"pivot":{"x":1.3986999988555909,"y":1.2151000499725342,"z":150.1300048828125},"rotation":{"x":0.015599020756781102,"y":0.5998861193656921,"z":-0.011699389666318894,"w":0.7998496294021606},"size":5.167568683624268,"orthographic":false}